82054341,Ashton,Grimes,118,Female,Science
58646927,Kelsey,Sheppard,15,Female,Design
60900356,Tad,King,26,Male,Science
79116998,Addison,Barlow,11,Female,Law
73409135,Bo,Pace,76,Male,Art
65549850,Quyn,Pace,57,Male,Art
45707390,Nissim,Johnson,70,Male,Law
74548996,Maris,Vasquez,70,Female,Medicine
33838560,Chloe,Landry,38,Male,Art
57532519,Daryl,Powers,80,Female,IT
54390949,Abbot,Nixon,104,Female,Art
88215462,Melinda,Gentry,39,Male,Design
61887474,Jared,Reynolds,76,Male,Medicine
69935504,Xander,Petersen,43,Male,Science
53865941,Reed,Barrera,116,Male,Medicine
77566863,Genevieve,Mitchell,27,Male,Law
72133201,Daryl,Sweeney,25,Male,Medicine
61230478,Zelda,Barrera,44,Male,IT
84078554,Basil,Wilkins,43,Female,Law
55624448,Kaye,Clements,95,Male,Medicine
77356173,Barrett,Holloway,47,Male,IT
68606783,Rhoda,Peters,22,Female,Law
34493498,Ronan,James,86,Female,Law
55661781,Graham,Oneill,79,Female,Design
69697329,Leilani,Mendez,73,Female,Science
37457085,Bruno,Camacho,85,Male,IT
53251384,Macaulay,Bradley,83,Female,Science
69192601,Xyla,Wells,93,Male,Design
88504642,Eaton,Morton,70,Male,IT
45735629,Kirk,Benson,95,Male,Art
95265565,Rama,Walker,83,Male,IT
75328861,Illana,Galloway,17,Female,IT
38726442,Phillip,Woods,114,Female,Science
45121487,Ursa,Good,57,Male,Science
62245997,Kaye,Gillespie,42,Female,Law
73059463,Nolan,Fleming,109,Male,Science
69010612,Ori,Mckay,59,Female,Science
36183285,Teagan,Dotson,95,Male,Medicine
89221408,Brianna,Sutton,85,Male,Science
89066863,Cooper,Martin,26,Female,Law
46580510,Neil,Key,74,Male,Medicine
42823485,Risa,Howard,93,Female,Law
78006752,Tamara,Hammond,42,Female,Law
97755831,Yoshi,Henry,104,Female,Art
47758956,Wing,Hamilton,20,Female,Art
70685216,Gregory,Serrano,18,Male,Medicine
36601796,Nelle,Ellis,89,Female,Science
34581685,Paloma,Weeks,22,Male,Law
52469819,Vernon,Kelley,13,Female,Law
40876152,Dahlia,Summers,112,Female,Medicine
62969787,Aimee,Chan,52,Male,Design
90982730,Selma,Lynch,30,Female,Science
84437687,Dexter,Gamble,118,Female,IT
87119443,Timon,Potts,16,Male,Design
44160600,Tanner,Ochoa,103,Male,Science
45129360,Kevin,Richardson,96,Male,IT
84772977,Tamara,Cameron,31,Male,Medicine
88484339,Slade,Hurst,69,Female,Medicine
67765871,Paul,Forbes,15,Female,Science
39113416,Jesse,Barlow,12,Female,Law
72975817,Amaya,Forbes,118,Male,Science
70130628,Xantha,Solis,34,Female,Art
58996125,Keaton,Chase,86,Male,Design
50355764,Marvin,Atkins,52,Female,Science
76462608,Ali,Mcclain,74,Female,IT
34948772,Nomlanga,Leonard,91,Male,Science
68654155,Harrison,Forbes,20,Male,Medicine
38056165,Doris,Woodard,10,Male,Art
67033076,Sigourney,Rosales,29,Female,Law
80543269,Mollie,Kirby,30,Female,Design
70912792,Macaulay,Espinoza,85,Male,Science
82718174,Ingrid,Russo,45,Female,Law
78582872,Michael,Douglas,41,Female,Law
66457744,Grace,Wynn,47,Female,Law
98098746,Lila,Madden,35,Male,Design
73817063,Doris,Frederick,71,Male,Design
86771806,Cassidy,Rodriguez,60,Female,Art
77973962,Derek,Fisher,18,Female,Art
49850419,Ori,Knapp,87,Male,IT
98838571,Mia,Armstrong,95,Male,Art
72105150,Anthony,Casey,110,Male,IT
58537702,Jarrod,Santos,23,Male,IT
53850426,Axel,Boone,58,Male,Law
73877766,Lane,Dean,76,Male,IT
82192638,Tamara,Watson,79,Male,IT
88960459,Acton,Lawrence,119,Female,Law
48490022,Charles,Mooney,115,Female,Science
44763012,Barclay,Ayala,103,Female,Science
81561101,Rooney,Sanford,28,Male,Design
94063318,Hayfa,Mcdowell,42,Male,Design
46339239,Jarrod,Pugh,25,Male,Design
74474483,Quintessa,Clayton,37,Male,Art
34823566,Heather,Watkins,43,Male,Design
92791548,Malcolm,Moss,67,Male,Design
41793684,Lamar,Morton,34,Female,Art
90600539,Reese,Sanders,13,Female,Art
77724837,Jaden,Romero,28,Male,Law
63088205,Kiona,Lester,113,Male,Design
95439786,Ross,Hodge,19,Male,Medicine
68421774,Herrod,Ramos,54,Female,Medicine